Sample,Group,Percent of sample -- B cells,Percent of sample -- CD4 T cells,Percent of sample -- CD8 T cells,Percent of sample -- Eosinophils,Percent of sample -- gd T cells,Percent of sample -- Monocytes,Percent of sample -- Neutrophils,Percent of sample -- NK cells,Percent of sample -- Unknown,MFI of CD38_asinh -- B cells,MFI of CD38_asinh -- CD4 T cells,MFI of CD38_asinh -- CD8 T cells,MFI of CD38_asinh -- Eosinophils,MFI of CD38_asinh -- gd T cells,MFI of CD38_asinh -- Monocytes,MFI of CD38_asinh -- Neutrophils,MFI of CD38_asinh -- NK cells,MFI of CD38_asinh -- Unknown,MFI of HLA-DR_asinh -- B cells,MFI of HLA-DR_asinh -- CD4 T cells,MFI of HLA-DR_asinh -- CD8 T cells,MFI of HLA-DR_asinh -- Eosinophils,MFI of HLA-DR_asinh -- gd T cells,MFI of HLA-DR_asinh -- Monocytes,MFI of HLA-DR_asinh -- Neutrophils,MFI of HLA-DR_asinh -- NK cells,MFI of HLA-DR_asinh -- Unknown,Percent expressing CD38_asinh -- B cells,Percent expressing CD38_asinh -- CD4 T cells,Percent expressing CD38_asinh -- CD8 T cells,Percent expressing CD38_asinh -- Eosinophils,Percent expressing CD38_asinh -- gd T cells,Percent expressing CD38_asinh -- Monocytes,Percent expressing CD38_asinh -- Neutrophils,Percent expressing CD38_asinh -- NK cells,Percent expressing CD38_asinh -- Unknown,Percent expressing HLA-DR_asinh -- B cells,Percent expressing HLA-DR_asinh -- CD4 T cells,Percent expressing HLA-DR_asinh -- CD8 T cells,Percent expressing HLA-DR_asinh -- Eosinophils,Percent expressing HLA-DR_asinh -- gd T cells,Percent expressing HLA-DR_asinh -- Monocytes,Percent expressing HLA-DR_asinh -- Neutrophils,Percent expressing HLA-DR_asinh -- NK cells,Percent expressing HLA-DR_asinh -- Unknown,Percent expressing CD38_asinh and HLA-DR_asinh -- B cells,Percent expressing CD38_asinh and HLA-DR_asinh -- CD4 T cells,Percent expressing CD38_asinh and HLA-DR_asinh -- CD8 T cells,Percent expressing CD38_asinh and HLA-DR_asinh -- Eosinophils,Percent expressing CD38_asinh and HLA-DR_asinh -- gd T cells,Percent expressing CD38_asinh and HLA-DR_asinh -- Monocytes,Percent expressing CD38_asinh and HLA-DR_asinh -- Neutrophils,Percent expressing CD38_asinh and HLA-DR_asinh -- NK cells,Percent expressing CD38_asinh and HLA-DR_asinh -- Unknown,Percent expressing CD38_asinh or HLA-DR_asinh -- B cells,Percent expressing CD38_asinh or HLA-DR_asinh -- CD4 T cells,Percent expressing CD38_asinh or HLA-DR_asinh -- CD8 T cells,Percent expressing CD38_asinh or HLA-DR_asinh -- Eosinophils,Percent expressing CD38_asinh or HLA-DR_asinh -- gd T cells,Percent expressing CD38_asinh or HLA-DR_asinh -- Monocytes,Percent expressing CD38_asinh or HLA-DR_asinh -- Neutrophils,Percent expressing CD38_asinh or HLA-DR_asinh -- NK cells,Percent expressing CD38_asinh or HLA-DR_asinh -- Unknown
Healthy_01,Healthy,3.89408099688473,15.2647975077882,10.5919003115265,2.9595015576324,1.86915887850467,3.73831775700935,53.4267912772586,7.63239875389408,0.623052959501558,0.43216032774248,0.190356652830561,0.0692264446391914,0.0673209667100148,0.041435555299833,0.370770871346929,0.105068287445278,0.594392828621652,0.0956515476281249,3.19085793200658,0.853958075971361,0.529584007108536,0.462728357841626,0.293431577050036,1.99555187034463,0.211915110485954,0.353407467447376,0.39233869213055,8,1.02040816326531,0,0,0,0,0,20.4081632653061,0,100,3.06122448979592,1.47058823529412,0,0,95.8333333333333,0,0,0,8,0,0,0,0,0,0,0,0,100,4.08163265306122,1.47058823529412,0,0,95.8333333333333,0,20.4081632653061,0
Healthy_02,Healthy,4.36893203883495,14.2394822006472,11.0032362459547,3.55987055016181,2.58899676375405,3.55987055016181,52.588996763754,6.957928802589,1.13268608414239,0.443594082921204,0.252035404725425,0.0911257351555102,0.0658108424076145,0.0374826151517239,0.3952132768268,0.0859220018608951,0.638349470729283,0.101031596146727,3.24756981185068,0.930495096511457,0.550772180738962,0.529374743492432,0.299391372267971,1.93635762871845,0.204775719321501,0.377832453296672,0.317996791137279,7.40740740740741,10.2272727272727,0,0,0,0,0.307692307692308,32.5581395348837,0,96.2962962962963,4.54545454545455,0,0,0,86.3636363636364,0,0,14.2857142857143,7.40740740740741,3.40909090909091,0,0,0,0,0,0,0,96.2962962962963,11.3636363636364,0,0,0,86.3636363636364,0.307692307692308,32.5581395348837,14.2857142857143
Healthy_03,Healthy,3.1986531986532,14.983164983165,11.6161616161616,3.7037037037037,2.18855218855219,6.06060606060606,48.8215488215488,9.42760942760943,,0.452405807960275,0.229826957406247,0.088217887803652,0.0634027991820874,0.0289758743253493,0.375739546714465,0.0886413289748403,0.592748800339652,,3.23267411334187,0.838951683001289,0.569576616599377,0.810880678126432,0.310563101414227,1.9166381042356,0.190225663679196,0.378630527773455,,10.5263157894737,7.86516853932584,0,0,0,5.55555555555556,0,33.9285714285714,,94.7368421052632,3.37078651685393,2.89855072463768,0,0,77.7777777777778,0,1.78571428571429,,10.5263157894737,1.12359550561798,0,0,0,0,0,0,,94.7368421052632,10.1123595505618,2.89855072463768,0,0,83.3333333333333,0,35.7142857142857,
Healthy_04,Healthy,4.61538461538462,16.9230769230769,13.6752136752137,3.24786324786325,3.07692307692308,5.12820512820513,44.7863247863248,8.37606837606837,0.170940170940171,0.51445106977998,0.163069175759998,0.114631706658304,0.0709377055636361,0.0147965669869769,0.391841054143633,0.102581646660698,0.591889346952542,0.0603397386578976,3.399027690574,0.859240238382988,0.568570888416651,0.56912307993051,0.290970912091223,2.15720020326023,0.201582405603047,0.377565705715636,0.18987499911034,14.8148148148148,1.01010101010101,0,0,0,0,0,20.4081632653061,0,92.5925925925926,2.02020202020202,1.25,0,0,100,0,0,0,7.40740740740741,0,0,0,0,0,0,0,0,100,3.03030303030303,1.25,0,0,100,0,20.4081632653061,0
Healthy_05,Healthy,5.22979397781299,13.3122028526149,9.98415213946117,3.16957210776545,2.21870047543582,4.12044374009509,53.0903328050713,8.71632329635499,0.158478605388273,0.466712696244695,0.170958344842131,0.103207472133838,0.0657988535307579,0.0273178320806899,0.385495080074077,0.105270944148131,0.5936410209695,0.14244066147486,3.2488737131935,0.859182965953539,0.612595930473423,0.607976891540357,0.280537934267243,1.86549233597884,0.208203086312018,0.323088125879956,0.753054917309797,3.03030303030303,0,1.58730158730159,0,0,0,0,16.3636363636364,0,100,0,0,0,0,80.7692307692308,0,0,0,3.03030303030303,0,0,0,0,0,0,0,0,100,0,1.58730158730159,0,0,80.7692307692308,0,16.3636363636364,0
Healthy_06,Healthy,4.32692307692308,16.5064102564103,12.3397435897436,3.68589743589744,2.56410256410256,3.2051282051282,46.3141025641026,10.5769230769231,0.480769230769231,0.521649597247395,0.223478735043745,0.0905349895320419,0.0723578777420411,0.0227039206844515,0.472802814382604,0.0699034718115947,0.592812331418146,0.0782066310368949,3.44427656079788,0.914925933594375,0.448824274701221,0.671331315118473,0.282478187434757,2.1695552344805,0.209571365027469,0.399257816842162,0.20463698470317,7.40740740740741,8.7378640776699,2.5974025974026,0,0,10,0,34.8484848484849,0,100,5.8252427184466,3.8961038961039,0,0,90,0,3.03030303030303,0,7.40740740740741,2.9126213592233,2.5974025974026,0,0,0,0,1.51515151515152,0,100,11.6504854368932,3.8961038961039,0,0,100,0,36.3636363636364,0
Healthy_07,Healthy,3.21100917431193,15.9021406727829,11.0091743119266,3.36391437308868,2.44648318042813,5.5045871559633,48.7767584097859,9.48012232415902,0.305810397553517,0.480943295080268,0.285249906994235,0.0874481433966817,0.0703214271325923,0.0480320450356935,0.391125363585593,0.0773588166786146,0.629257976758405,0.356464527530309,3.45948076849551,0.946709924927935,0.494243524644311,0.67837319695872,0.265179337647048,1.94479674506401,0.183490411250449,0.352832259717519,0.210081575504399,19.047619047619,12.5,0,0,0,0,0,33.8709677419355,0,100,4.80769230769231,0,0,6.25,86.1111111111111,0,1.61290322580645,0,19.047619047619,2.88461538461538,0,0,0,0,0,0,0,100,14.4230769230769,0,0,6.25,86.1111111111111,0,35.4838709677419,0
Healthy_08,Healthy,2.91411042944785,15.3374233128834,12.1165644171779,3.52760736196319,1.68711656441718,4.75460122699387,49.6932515337423,9.66257668711656,0.306748466257669,0.49736357590499,0.224377385378536,0.0968638834077511,0.0557939636728883,0.0214586795547264,0.417913771370489,0.0925585579442227,0.69345312158398,0.266762419580112,3.1580086700821,0.906836100906168,0.584752801035319,0.68840738563643,0.288116649182437,1.97939520523319,0.202970645531619,0.326870336429833,1.83382515207066,15.7894736842105,9,0,0,0,0,0,41.2698412698413,0,100,5,0,0,0,90.3225806451613,0,0,50,15.7894736842105,4,0,0,0,0,0,0,0,100,10,0,0,0,90.3225806451613,0,41.2698412698413,50
COVID-Mild_01,COVID-Mild,3.42679127725857,15.5763239875389,12.6168224299065,2.64797507788162,1.55763239875389,9.03426791277258,44.2367601246106,10.1246105919003,0.778816199376947,0.443622041917956,0.126864818341984,0.0563879134443416,0.0725361751231774,0.0046118454019868,0.367332918262933,0.0850684607766803,0.697533394823703,0.342981805571481,3.11199824797109,0.893516598724709,0.25717570491601,0.660658616282391,0.195181602379107,1.87125132068217,0.174781447985491,0.303338634189931,2.81756634097496,31.8181818181818,4,11.1111111111111,0,0,0,0,46.1538461538462,40,95.4545454545455,4,13.5802469135802,0,0,77.5862068965517,0.352112676056338,0,60,27.2727272727273,1,6.17283950617284,0,0,0,0,0,20,100,7,18.5185185185185,0,0,77.5862068965517,0.352112676056338,46.1538461538462,80
COVID-Mild_02,COVID-Mild,3.94736842105263,11.8421052631579,11.8421052631579,2.79605263157895,1.48026315789474,8.71710526315789,47.203947368421,11.6776315789474,0.493421052631579,0.427340150404296,0.162382858945308,0.0545329731503566,0.0625193038312358,0.0528553738884423,0.436935044711121,0.0815734766788131,0.795993438013727,0.0551362472872178,3.25979683072396,0.973214360525751,0.369635470951949,0.783954346048605,0.159345842565207,2.05693863081698,0.187844661278208,0.341715600068745,0.210521911132345,12.5,5.55555555555556,1.38888888888889,0,0,0,0,52.112676056338,0,100,5.55555555555556,6.94444444444444,5.88235294117647,0,88.6792452830189,0.696864111498258,0,0,12.5,4.16666666666667,1.38888888888889,0,0,0,0,0,0,100,6.94444444444444,6.94444444444444,5.88235294117647,0,88.6792452830189,0.696864111498258,52.112676056338,0
COVID-Mild_03,COVID-Mild,3.01507537688442,12.5628140703518,10.7202680067002,2.34505862646566,1.84254606365159,10.7202680067002,49.2462311557789,8.87772194304858,0.670016750418761,0.345160299863275,0.138783057965918,0.0520584698473123,0.0570468560626684,0.0370344611778696,0.359440672220825,0.0856791217527464,0.354585518314264,0.173463315437352,2.99322110725345,0.928531002505865,0.240323841358266,0.747555454671541,0.438412753558473,2.00142369249617,0.172322591455666,0.181533957097311,0.366310275911284,27.7777777777778,4,6.25,0,0,0,0,28.3018867924528,0,88.8888888888889,6.66666666666667,4.6875,0,0,82.8125,0,0,0,22.2222222222222,2.66666666666667,1.5625,0,0,0,0,0,0,94.4444444444444,8,9.375,0,0,82.8125,0,28.3018867924528,0
COVID-Mild_04,COVID-Mild,3.06122448979592,13.4353741496599,11.734693877551,1.53061224489796,2.04081632653061,9.01360544217687,48.2993197278912,10.0340136054422,0.850340136054422,0.538938789565367,0.158749472567741,0.067465739665409,0.0694156743032933,0.0226082172996751,0.362572380953795,0.0863318848540792,0.619656133217808,0.0874947950102988,3.24023448158822,1.00677416951173,0.386269975126253,0.717369475840241,0.311832837084824,2.1621400644906,0.19445665647239,0.281632338908677,0.265231840937318,33.3333333333333,2.53164556962025,7.2463768115942,0,0,0,0,35.5932203389831,0,100,5.06329113924051,15.9420289855072,0,0,94.3396226415094,0.704225352112676,0,20,33.3333333333333,1.26582278481013,5.79710144927536,0,0,0,0,0,0,100,6.32911392405063,17.3913043478261,0,0,94.3396226415094,0.704225352112676,35.5932203389831,20
COVID-Mild_05,COVID-Mild,5.21327014218009,12.9541864139021,12.9541864139021,2.52764612954186,2.3696682464455,6.95102685624013,44.0758293838863,12.7962085308057,0.157977883096367,0.478025345857187,0.164146043656513,0.0378503498945273,0.0675361711018278,-0.0040071220075473,0.376390222964063,0.0837971581437039,0.71057726530735,0.219088731595549,3.15025280656285,0.975285407123389,0.335080525192183,0.77786227376233,0.204499299081577,1.99490137702151,0.192710918656365,0.353960284021917,0.984255166189795,24.2424242424242,4.8780487804878,4.8780487804878,0,0,4.54545454545455,0,48.1481481481481,0,100,9.75609756097561,12.1951219512195,0,6.66666666666667,90.9090909090909,0.3584229390681,0,0,24.2424242424242,3.65853658536585,3.65853658536585,0,0,2.27272727272727,0,0,0,100,10.9756097560976,13.4146341463415,0,6.66666666666667,93.1818181818182,0.3584229390681,48.1481481481481,0
COVID-Mild_06,COVID-Mild,4.82315112540193,14.4694533762058,10.4501607717042,1.60771704180064,2.2508038585209,8.84244372990354,47.1061093247588,9.96784565916399,0.482315112540193,0.490812604640969,0.178497631020274,0.0740951097006708,0.0707005407852604,0.0234827701786991,0.351501648772793,0.0899117459396807,0.515598397701434,0.0689733255066104,3.29712929372818,0.878608538829522,0.351179211857463,0.747987043724982,0.182538706996257,2.07745514024834,0.199124519674182,0.282671092352754,0.305065334502935,20,5.55555555555556,3.07692307692308,0,0,0,0,30.6451612903226,0,100,4.44444444444444,16.9230769230769,0,0,92.7272727272727,0.341296928327645,0,0,20,1.11111111111111,3.07692307692308,0,0,0,0,0,0,100,8.88888888888889,16.9230769230769,0,0,92.7272727272727,0.341296928327645,30.6451612903226,0
COVID-Mild_07,COVID-Mild,4.17310664605873,12.3647604327666,12.8284389489954,2.78207109737249,1.54559505409583,9.11901081916538,46.676970633694,10.0463678516229,0.463678516228748,0.512546393790595,0.1545493407189,0.0514069024451714,0.0556619998961794,0.0281766002437147,0.391874789668499,0.0790073325197879,0.827296727414278,0.056224095130812,3.07425140110466,0.879057877667007,0.280911842686847,0.728064652660739,0.314792491388543,1.95706760894314,0.180851453880258,0.321612804766565,0.190019795955845,22.2222222222222,6.25,3.6144578313253,0,0,3.38983050847458,0,56.9230769230769,0,100,10,14.4578313253012,5.55555555555556,0,81.3559322033898,0.662251655629139,0,0,22.2222222222222,2.5,2.40963855421687,0,0,1.69491525423729,0,0,0,100,13.75,15.6626506024096,5.55555555555556,0,83.0508474576271,0.662251655629139,56.9230769230769,0
COVID-Mild_08,COVID-Mild,4.67571644042232,14.3288084464555,11.6138763197587,2.11161387631976,1.80995475113122,8.5972850678733,45.3996983408748,10.8597285067873,0.603318250377074,0.474909537718934,0.150006873027499,0.0568436861727324,0.0544353074569985,0.0175712923492066,0.363544671442222,0.0858904869319924,0.516485135960825,0.427929318256208,3.32941239286266,0.906612498601168,0.353535046949922,0.731983479051679,0.301292069391555,1.98215048852079,0.200737781196388,0.27369380303911,0.596074692489564,29.0322580645161,4.21052631578947,3.8961038961039,0,0,0,0,29.1666666666667,25,100,6.31578947368421,9.09090909090909,0,0,92.9824561403509,0.332225913621262,0,25,29.0322580645161,3.15789473684211,2.5974025974026,0,0,0,0,0,0,100,7.36842105263158,10.3896103896104,0,0,92.9824561403509,0.332225913621262,29.1666666666667,50
COVID-Severe_01,COVID-Severe,2.12443095599393,8.649468892261,5.31107738998482,3.03490136570561,1.06221547799697,6.06980273141123,55.2352048558422,4.40060698027314,14.1122913505311,0.436808774765618,0.174330006677297,0.0996597924712117,0.0816147093370225,0.0368384980875589,0.422023531171132,0.0803436053242556,0.599050049755888,0.122125343392097,3.54689946081616,0.979176810928454,0.628849924094053,0.683423461604505,0.237993843911829,1.93000810482874,0.188066379910372,0.43209031140117,0.476769668702791,0,3.50877192982456,5.71428571428571,0,0,10,0,34.4827586206897,0,100,10.5263157894737,11.4285714285714,10,0,87.5,0.274725274725275,6.89655172413793,3.2258064516129,0,3.50877192982456,5.71428571428571,0,0,10,0,0,0,100,10.5263157894737,11.4285714285714,10,0,87.5,0.274725274725275,41.3793103448276,3.2258064516129
COVID-Severe_02,COVID-Severe,2.40601503759399,9.92481203007519,4.81203007518797,3.15789473684211,0.601503759398496,5.56390977443609,56.5413533834586,3.60902255639098,13.3834586466165,0.479042432031588,0.186025160648813,0.0938476137566575,0.137714061934973,0.0426742291932238,0.406799841538771,0.0864142756956059,0.507680683698797,0.110730099702769,3.27816303915348,0.919874249593703,0.734684445932779,1.08456384743534,0.265895213185165,1.94232943369739,0.209695026049666,0.485949113560009,0.424866635465664,18.75,1.51515151515152,12.5,0,0,10.8108108108108,0,16.6666666666667,0,100,10.6060606060606,15.625,19.047619047619,0,91.8918918918919,0,4.16666666666667,2.24719101123596,18.75,1.51515151515152,12.5,0,0,10.8108108108108,0,0,0,100,10.6060606060606,15.625,19.047619047619,0,91.8918918918919,0,20.8333333333333,2.24719101123596
COVID-Severe_03,COVID-Severe,3.67132867132867,7.69230769230769,3.14685314685315,3.67132867132867,0.699300699300699,4.1958041958042,59.7902097902098,2.27272727272727,14.8601398601399,0.486766888418925,0.203953273543329,0.0981698319159018,0.0912286316202686,0.0358730371143541,0.479577074968988,0.0863647007291268,0.91112830351689,0.109201121706999,3.35473052011497,0.97503856865913,0.595646714364635,0.659447112495818,0.236061701301631,1.89593859697232,0.196531151084247,0.491763509877134,0.528528045951473,23.8095238095238,2.27272727272727,5.55555555555556,0,0,8.33333333333333,0,53.8461538461538,0,85.7142857142857,11.3636363636364,11.1111111111111,4.76190476190476,0,91.6666666666667,0.292397660818713,0,0,19.047619047619,2.27272727272727,5.55555555555556,0,0,8.33333333333333,0,0,0,90.4761904761905,11.3636363636364,11.1111111111111,4.76190476190476,0,91.6666666666667,0.292397660818713,53.8461538461538,0
COVID-Severe_04,COVID-Severe,3.04975922953451,8.50722311396469,4.65489566613162,2.8892455858748,0.160513643659711,5.45746388443018,56.8218298555377,4.17335473515249,14.2857142857143,0.44585702588959,0.204013472316106,0.103417985275895,0.0909900102660945,0.0408539627340682,0.401920446946467,0.0919843346934472,0.634845165463622,0.115523860883216,3.29706838193087,0.926355180911491,0.577162041003184,0.808927748110496,0.279094563776197,1.86297077392,0.209529237243459,0.508932556721585,0.39926931758771,10.5263157894737,0,0,0,0,5.88235294117647,0,34.6153846153846,0,100,5.66037735849057,6.89655172413793,16.6666666666667,0,94.1176470588235,0,11.5384615384615,0,10.5263157894737,0,0,0,0,5.88235294117647,0,3.84615384615385,0,100,5.66037735849057,6.89655172413793,16.6666666666667,0,94.1176470588235,0,42.3076923076923,0
COVID-Severe_05,COVID-Severe,3.05084745762712,9.15254237288136,4.57627118644068,3.05084745762712,0.677966101694915,5.76271186440678,58.6440677966102,2.03389830508475,13.0508474576271,0.454354956382419,0.202464344885518,0.0964499883054558,0.0743849330667281,0.000948466511250367,0.44535429878451,0.0839568814773605,0.614574605443967,0.105235762599683,3.51359378341557,0.965799535805618,0.568195230350635,0.693612386118206,0.324740669972898,1.89359863413393,0.188775250722753,0.466880483066105,0.48752282368487,16.6666666666667,3.7037037037037,11.1111111111111,0,0,2.94117647058824,0,33.3333333333333,0,94.4444444444444,7.40740740740741,18.5185185185185,11.1111111111111,0,94.1176470588235,0.289017341040462,0,0,16.6666666666667,1.85185185185185,11.1111111111111,0,0,2.94117647058824,0,0,0,94.4444444444444,9.25925925925926,18.5185185185185,11.1111111111111,0,94.1176470588235,0.289017341040462,33.3333333333333,0
COVID-Severe_06,COVID-Severe,2.25442834138486,9.17874396135266,4.83091787439614,2.57648953301127,0.966183574879227,4.34782608695652,56.682769726248,4.18679549114332,14.975845410628,0.434821972902438,0.181292856082264,0.105640932930209,0.121603709025542,0.0348056193235534,0.380970894381026,0.0905665822466299,0.624757064833126,0.113617013587136,3.11734167678586,1.02045580273339,0.626421308901873,1.13943736392937,0.302320965074853,1.95817417621429,0.192267334702071,0.534677079642341,0.425836630414517,28.5714285714286,0,3.33333333333333,0,0,0,0,34.6153846153846,0,100,5.26315789473684,10,25,0,96.2962962962963,1.13636363636364,3.84615384615385,0,28.5714285714286,0,3.33333333333333,0,0,0,0,3.84615384615385,0,100,5.26315789473684,10,25,0,96.2962962962963,1.13636363636364,34.6153846153846,0
COVID-Severe_07,COVID-Severe,3.84024577572965,8.44854070660522,4.60829493087558,4.3010752688172,0.460829493087558,5.83717357910906,55.9139784946236,3.99385560675883,12.5960061443932,0.478760545717882,0.189661228565383,0.0979642113308269,0.0845024707294899,0.030462095788688,0.409819892520604,0.0908300384120063,0.656773691210595,0.113178080340934,3.18861010560521,0.94982138415124,0.625670585695641,0.734656157161009,0.290225341083343,2.05086373324355,0.190145460419584,0.472716057287506,0.449182794935915,12,0,3.33333333333333,0,0,2.63157894736842,0,42.3076923076923,0,96,3.63636363636364,3.33333333333333,17.8571428571429,0,97.3684210526316,0.549450549450549,15.3846153846154,0,12,0,3.33333333333333,0,0,2.63157894736842,0,7.69230769230769,0,96,3.63636363636364,3.33333333333333,17.8571428571429,0,97.3684210526316,0.549450549450549,50,0
COVID-Severe_08,COVID-Severe,3.55411954765751,6.94668820678514,3.39256865912763,3.39256865912763,0.646203554119548,5.81583198707593,57.9967689822294,3.7156704361874,14.5395799676898,0.47779985254837,0.191210748468325,0.101967697434326,0.0730002104274221,0.0384104824252358,0.442675770784005,0.0800454633987472,0.587493005707323,0.114374255674948,3.1295793395482,0.936982233775461,0.558197077262609,0.758362690408435,0.263005242138375,1.94996918266585,0.188708853757555,0.473791561716661,0.462641271222627,13.6363636363636,0,4.76190476190476,0,0,8.33333333333333,0,21.7391304347826,0,95.4545454545455,9.30232558139535,9.52380952380952,0,0,91.6666666666667,0.557103064066852,0,0,9.09090909090909,0,4.76190476190476,0,0,8.33333333333333,0,0,0,100,9.30232558139535,9.52380952380952,0,0,91.6666666666667,0.557103064066852,21.7391304347826,0
COVID-Recovered_01,COVID-Recovered,10.3286384976526,26.60406885759,6.41627543035994,5.320813771518,1.09546165884194,5.4773082942097,37.245696400626,6.88575899843505,0.625978090766823,0.513294580361335,0.182716895426957,0.101333856530745,0.0663682834747243,0.0324672403482633,0.403759783488504,0.0919081865443498,0.630363876303632,0.119638990736832,3.18270780547137,0.885691859433007,0.608663863123883,0.711566955823902,0.361295568004331,2.19815164498875,0.181682770032094,0.362521549813006,0.460667194181199,21.2121212121212,2.94117647058824,0,0,0,2.85714285714286,0.420168067226891,38.6363636363636,0,98.4848484848485,1.76470588235294,0,8.82352941176471,0,91.4285714285714,0,2.27272727272727,0,21.2121212121212,0,0,0,0,2.85714285714286,0,2.27272727272727,0,98.4848484848485,4.70588235294118,0,8.82352941176471,0,91.4285714285714,0.420168067226891,38.6363636363636,0
COVID-Recovered_02,COVID-Recovered,8.7378640776699,25.2427184466019,7.76699029126214,7.28155339805825,0.485436893203883,5.17799352750809,37.2168284789644,6.957928802589,1.13268608414239,0.500010018472653,0.194338729996336,0.0998166603504721,0.0610774136876419,0.0256802021209548,0.419974775600967,0.0940858427173887,0.698354271821175,0.250619445134218,3.07771030912126,0.88629448342659,0.731727126915981,0.721506730999236,0.248596626987774,2.27220760077461,0.200326043055796,0.430737517874436,0.5830940621447,14.8148148148148,1.92307692307692,0,0,0,6.25,0,44.1860465116279,0,94.4444444444444,1.92307692307692,0,0,0,90.625,2.17391304347826,6.97674418604651,28.5714285714286,14.8148148148148,0,0,0,0,3.125,0,2.32558139534884,0,94.4444444444444,3.84615384615385,0,0,0,93.75,2.17391304347826,48.8372093023256,28.5714285714286
COVID-Recovered_03,COVID-Recovered,10.4201680672269,23.0252100840336,7.39495798319328,5.21008403361345,0.672268907563025,5.54621848739496,39.8319327731092,7.22689075630252,0.672268907563025,0.476960743432634,0.180287544830011,0.117802231041657,0.0618099328144391,0.0310340575906383,0.403716960794896,0.0907720221919572,0.630725137760909,0.108691868484564,3.18091624606293,0.894808434852298,0.59488889816864,0.679440301651685,0.298028400905987,2.15446293621164,0.183939054934541,0.398291561322555,0.295480032492381,8.06451612903226,2.91970802919708,2.27272727272727,0,0,6.06060606060606,0,44.1860465116279,0,95.1612903225807,2.91970802919708,2.27272727272727,0,0,96.969696969697,0,11.6279069767442,25,8.06451612903226,2.18978102189781,2.27272727272727,0,0,6.06060606060606,0,9.30232558139535,0,95.1612903225807,3.64963503649635,2.27272727272727,0,0,96.969696969697,0,46.5116279069767,25
COVID-Recovered_04,COVID-Recovered,9.41780821917808,24.3150684931507,8.39041095890411,3.93835616438356,1.1986301369863,5.13698630136986,40.0684931506849,6.67808219178082,0.856164383561644,0.488814016963886,0.164815009882424,0.100808474383242,0.0660003576594882,0.0314155526674376,0.386035694831117,0.0911602186714959,0.649481144976861,0.125148176617888,3.05969971473846,0.885671500483191,0.634605072318275,0.663831079570651,0.325785495459137,2.28404419013809,0.18898611357619,0.359262192877577,0.455535228016862,20,4.92957746478873,8.16326530612245,0,0,0,0,43.5897435897436,0,94.5454545454545,4.92957746478873,8.16326530612245,4.34782608695652,0,96.6666666666667,0.427350427350427,5.12820512820513,20,18.1818181818182,1.40845070422535,8.16326530612245,0,0,0,0,5.12820512820513,0,96.3636363636364,8.45070422535211,8.16326530612245,4.34782608695652,0,96.6666666666667,0.427350427350427,43.5897435897436,20
COVID-Recovered_05,COVID-Recovered,12.1069182389937,26.7295597484277,7.07547169811321,7.07547169811321,1.10062893081761,3.30188679245283,37.4213836477987,4.55974842767296,0.628930817610063,0.456836504077993,0.171880530217847,0.115693860873343,0.0564222106826825,0.0330934294004408,0.355969209074403,0.104520229283229,0.526395449188989,0.105059205273127,3.22938899324126,0.909907781210953,0.662750953069403,0.723867322780391,0.347597131696054,2.07180115247348,0.198153463418643,0.373451941934449,0.616219897583325,16.8831168831169,3.52941176470588,2.22222222222222,0,0,0,0,17.2413793103448,0,100,2.94117647058824,4.44444444444444,0,0,95.2380952380952,0.420168067226891,0,25,16.8831168831169,1.76470588235294,2.22222222222222,0,0,0,0,0,0,100,4.70588235294118,4.44444444444444,0,0,95.2380952380952,0.420168067226891,17.2413793103448,25
COVID-Recovered_06,COVID-Recovered,9.19354838709677,25.9677419354839,6.7741935483871,5.16129032258065,0.967741935483871,5,39.1935483870968,6.7741935483871,0.967741935483871,0.46184744631276,0.168746543360257,0.111449193447717,0.0529396417845866,0.0351838093723037,0.399372161474981,0.0914455619683312,0.536871380592205,0.100365359792116,3.21011823418714,0.881562322596214,0.583720201822544,0.715009239085111,0.326172036265116,2.03962860518734,0.17803253585654,0.339717222861772,0.370946608254468,12.280701754386,4.34782608695652,4.76190476190476,0,0,9.67741935483871,0,23.8095238095238,0,100,3.1055900621118,4.76190476190476,0,0,83.8709677419355,0.823045267489712,9.52380952380952,0,12.280701754386,2.48447204968944,2.38095238095238,0,0,3.2258064516129,0,2.38095238095238,0,100,4.96894409937888,7.14285714285714,0,0,90.3225806451613,0.823045267489712,30.952380952381,0
COVID-Recovered_07,COVID-Recovered,10.3030303030303,25.6060606060606,8.03030303030303,6.06060606060606,1.66666666666667,4.84848484848485,35.7575757575758,7.27272727272727,0.454545454545455,0.49437379128195,0.167664632624708,0.100262650269627,0.055762287713365,0.0303544595196986,0.399829594162926,0.0965155465252211,0.572070489739735,0.0831690419333953,3.16270547506578,0.898008303450018,0.636286859775573,0.695729304817275,0.355870001069534,2.09410176376086,0.188790883777784,0.392306768652172,0.358650833553701,19.1176470588235,4.14201183431953,0,0,0,6.25,0,31.25,0,98.5294117647059,5.91715976331361,3.77358490566038,0,0,90.625,0.423728813559322,8.33333333333333,0,19.1176470588235,2.9585798816568,0,0,0,6.25,0,0,0,98.5294117647059,7.10059171597633,3.77358490566038,0,0,90.625,0.423728813559322,39.5833333333333,0
COVID-Recovered_08,COVID-Recovered,10.1851851851852,27.3148148148148,6.79012345679012,5.70987654320988,1.08024691358025,4.62962962962963,35.8024691358025,7.56172839506173,0.925925925925926,0.406657634147954,0.183848593094041,0.108799424147533,0.0685206200823506,0.0353070032446379,0.348320935989723,0.118976539164507,0.484967470437561,0.10056972520406,3.21293362200051,0.886295138358136,0.624009384213734,0.64022043272246,0.363154638476672,2.21720417256106,0.174940531802271,0.402524389828977,0.746956905029088,15.1515151515152,1.69491525423729,2.27272727272727,0,0,0,0,10.2040816326531,16.6666666666667,100,2.25988700564972,6.81818181818182,0,0,86.6666666666667,0.862068965517241,6.12244897959184,33.3333333333333,15.1515151515152,0.564971751412429,2.27272727272727,0,0,0,0,0,16.6666666666667,100,3.38983050847458,6.81818181818182,0,0,86.6666666666667,0.862068965517241,16.3265306122449,33.3333333333333
